fasta_header,lengths,kappa,FCR,radius_of_gyration,sequence
1,60,-1,0,17.83264509,"QNNNQQQNQQ
NQNNQNNNQN
NNNQNQNNQQ
QQNQQQNNNQ
QQNNQQNNNN
QQQNNNQNNN"
2,60,-1,0,22.44088975,"THNHHSTPGT
PGHHHPGSPH
SPHPTHTTPS
HHGTGGGHGG
STTQSHSNGS
ATGQHGSSGP"
3,60,-1,0,20.19878699,"THNHHSTGTG
HHHGSHSHTH
TTSHHGTGGG
HGGSTTQSHS
NGSTGQHGSS
GPPPPPPPAP"
4,60,-1,0,22.26925903,"THNHHGPSTG
TGPHHHGSPH
SHTHPTTSHH
PGTGGGPHGG
STPTQSHSAN
GSTGPQHGSS"
5,60,-1,0.3,22.38292664,"HNNQQQQQNN
QNNQNQQNNQ
NNNNNQQQQN
QQEDEQQDDE
NQDDDQQDED
QNEDEQQDDE"
6,60,-1,0.3,21.63963551,"EDDEHNNQDQ
QQQENNQNDN
QNQDQNNQDN
NNNNQQQEQN
QQDQQNQDQQ
QNDQQEEDED"
7,60,0.53,0.3,17.8559995,"KKKRSGQNRN
QNNRQQQQKN
QNQRQNQNKN
NQQNQNNENN
NNDNNQQENN
QQENQDDDDD"
8,60,0.13,0.3,19.22122598,"REKRSGQNKN
QNNRQQQQDN
QNQEQNQNDN
NQQNQNNDNN
NNKNNQQDNN
QQRNQEKDKD"
9,60,-1,0.3,21.06109215,"KKRSGKRRHH
KKRHQKRRQH
RKKQQRKKQN
QNNNNNQNQQ
QQHHNQQNNQ
NNPNNNNHHP"
10,60,-1,0.3,22.3683112,"KRKKSGHHKH
QQHRQQQNKQ
NNNRNNQNKQ
QQQHHNQKQN
NQRNNPNRNN
NHRHPKKRKR"
11,60,-1,0.3,22.60887861,"GQSTSTSWGG
WGTSGSGGGT
SSGGWSSTTS
GGEDDGTDDE
GTDDETADDD
STDEEGSDED"
12,60,-1,0.3,22.22629918,"EDDDGQSTES
TSWDGGWGDT
SGSDGGGTDS
SGGWSSTDTS
GGEGTGTDTA
STDGSEEDED"
13,60,0.53,0.3,20.88013149,"KKKKGHTGRT
GTGRGTTGRS
SGARGGSART
TTTSSSSESG
SSDSSSAETA
SSDSSDEEEE"
14,60,0.13,0.3,21.62939511,"KEDKGHTGDT
GTGRGTTGRS
SGAKGGSAET
TTTSSSSESG
SSRSSSAKTA
SSESSERRED"
15,60,0.01,0.3,21.51631847,"GHTGTGTGGT
TGSSGGGSTT
TTSSSSSGSS
SSSTSSSSDK
EKDREAKERD
AREREKEAAR"
16,60,0.06,0.3,21.83543692,"GHDTGKTGET
GKGTDTGRSS
EGGAGSKTTE
TTRSSDSSAS
GRSSESSRST
ESSKSSEAAR"
17,60,-1,0.3,23.26663601,"KRRNQKRRGT
RKRSGKRKGS
RKRGARRKST
ATATGSTTSS
ATASASSSSS
SSGAGATGGS"
18,60,-1,0.3,23.03309376,"KRRKNQGTKS
GGSKGASTRA
TATRGSTTKS
SATASASRSS
SSRSSGARGA
TGKGSRRKRR"
19,60,0.84,0.6,19.48480061,"KKRKAHHNKN
NQNRQNNNRN
QNQRNQNQKN
QQQDDEEEDD
DDDDDEEDDD
DDDDDDDDEE"
20,60,0.19,0.6,22.8170036,"DKDAHDKRHN
KEDNNKDDQN
EDEQNDDDNN
NQDEKNQRDD
NQERENQDED
NQDDDQQRDD"
21,60,0.64,0.6,18.02471046,"KRKSNRRRPP
RRKNNKKRPN
RRRQQRKRNN
PQDDENPEDD
NNDDEQQDEE
QHEDEPQEEE"
22,60,0.06,0.6,22.79603154,"DDRSNERRPP
ERENNEKKPN
EREQQDKKNN
PQKRRNPDDR
NNDRKQQERE
QHRDEPQDRE"
23,60,0.72,0.6,17.21928249,"RRRKKKKTKR
RKMRKRRPRK
KRNKRKRPRR
RKPQQNNEQQ
NNDNQNNENQ
NSDQSEDDDD"
24,60,0.22,0.6,24.33635885,"DDRTMRRKPN
KKEPPRRRQQ
KKDNNRRKQQ
NNRRENQRRD
NNRKKNQKKR
NSKKDQSRDE"
25,60,0.84,0.6,20.15502194,"KKKKMVVSRS
VVGRAGMARS
VVAKSVVARP
VSGDDDEEEE
EDDDEDDDDD
EEDEDDDDDD"
26,60,0.16,0.6,24.65709323,"DDKEMVDKDV
SEEKSVDEDV
GKRDAGDDDM
ASVVDDASVD
EVAPREVSGE
RDRDKDEDED"
27,60,0.64,0.6,17.9256232,"KRRAVKKKVA
KRKSSRKKVV
KKRGARKKSV
SVDEDVPEDD
VVDDDGSDDD
VSDDEAVDEE"
28,60,0.06,0.6,23.26462302,"EKDAVDEKVA
DKKSSKDKVV
DDRGAKRDSV
SVDRDVPDEK
VVRDKGSDRE
VSEKKAVKRD"
29,60,0.05,0.6,23.45761916,"SSGSSGSSEK
DAVDEKVADK
KKDKVVDDRA
KRDVVDRDVP
DEKVVRDKDR
EVEKKAVKRD"
30,60,0.05,0.6,23.34233931,"SESKGDSASV
GDSESKVADK
KKDKVVDDRA
KRDVVDRDVP
DEKVVRDKDR
EVEKKAVKRD"
31,60,0.72,0.6,18.04843422,"KRRKRKRVRK
RRVKRKKAKR
RRAKRRKVKK
KRSAAVGEAV
AADSAVADAV
VVDSADDDDD"
32,60,0.18,0.6,24.39256382,"KRKVVDRDAA
RRRVSDRKAA
KDRVGKRKAV
AARKKSARKD
VADEKAVRDR
VVKRKSADRK"
