fasta_header,lengths,radius_of_gyration,end_to_end_distance,scaling_exponent,asphericity,prefactor,sequence
1,60,17.83264509,38.24909754,0.40316683,0.33109382,7.8969326,"QNNNQQQNQQ
NQNNQNNNQN
NNNQNQNNQQ
QQNQQQNNNQ
QQNNQQNNNN
QQQNNNQNNN"
2,60,22.44088975,53.88434863,0.5423624,0.420365,6.645481,"THNHHSTPGT
PGHHHPGSPH
SPHPTHTTPS
HHGTGGGHGG
STTQSHSNGS
ATGQHGSSGP"
3,60,20.19878699,52.44670981,0.53337026,0.39765677,6.94232,"THNHHSTGTG
HHHGSHSHTH
TTSHHGTGGG
HGGSTTQSHS
NGSTGQHGSS
GPPPPPPPAP"
4,60,22.26925903,53.0972389,0.5505611,0.43414974,6.412923,"THNHHGPSTG
TGPHHHGSPH
SHTHPTTSHH
PGTGGGPHGG
STPTQSHSAN
GSTGPQHGSS"
5,60,22.38292664,50.26505039,0.4367019,0.39636496,8.322202,"HNNQQQQQNN
QNNQNQQNNQ
NNNNNQQQQN
QQEDEQQDDE
NQDDDQQDED
QNEDEQQDDE"
6,60,21.63963551,52.52578534,0.46455425,0.41003144,6.0007668,"EDDEHNNQDQ
QQQENNQNDN
QNQDQNNQDN
NNNNQQQEQN
QQDQQNQDQQ
QNDQQEEDED"
7,60,17.8559995,35.51901394,0.30800804,0.3188473,12.7911625,"KKKRSGQNRN
QNNRQQQQKN
QNQRQNQNKN
NQQNQNNENN
NNDNNQQENN
QQENQDDDDD"
8,60,19.22122598,44.58807092,0.46416575,0.3738938,7.329934,"REKRSGQNKN
QNNRQQQQDN
QNQEQNQNDN
NQQNQNNDNN
NNKNNQQDNN
QQRNQEKDKD"
9,60,21.06109215,53.60935165,0.45345855,0.39027748,14.251563,"KKRSGKRRHH
KKRHQKRRQH
RKKQQRKKQN
QNNNNNQNQQ
QQHHNQQNNQ
NNPNNNNHHP"
10,60,22.3683112,58.29081938,0.5453487,0.43551734,5.863098,"KRKKSGHHKH
QQHRQQQNKQ
NNNRNNQNKQ
QQQHHNQKQN
NQRNNPNRNN
NHRHPKKRKR"
11,60,22.60887861,55.95019632,0.50526506,0.44976005,5.8462706,"GQSTSTSWGG
WGTSGSGGGT
SSGGWSSTTS
GGEDDGTDDE
GTDDETADDD
STDEEGSDED"
12,60,22.22629918,57.78935149,0.5733138,0.45338154,5.1314144,"EDDDGQSTES
TSWDGGWGDT
SGSDGGGTDS
SGGWSSTDTS
GGEGTGTDTA
STDGSEEDED"
13,60,20.88013149,45.77876539,0.5148693,0.39435264,8.369036,"KKKKGHTGRT
GTGRGTTGRS
SGARGGSART
TTTSSSSESG
SSDSSSAETA
SSDSSDEEEE"
14,60,21.62939511,52.30609949,0.5745358,0.4504912,5.771166,"KEDKGHTGDT
GTGRGTTGRS
SGAKGGSAET
TTTSSSSESG
SSRSSSAKTA
SSESSERRED"
15,60,21.51631847,53.79535218,0.57749444,0.44040024,5.8247995,"GHTGTGTGGT
TGSSGGGSTT
TTSSSSSGSS
SSSTSSSSDK
EKDREAKERD
AREREKEAAR"
16,60,21.83543692,52.67295912,0.57939684,0.4361453,5.789057,"GHDTGKTGET
GKGTDTGRSS
EGGAGSKTTE
TTRSSDSSAS
GRSSESSRST
ESSKSSEAAR"
17,60,23.26663601,57.01452286,0.55433357,0.43502763,6.148814,"KRRNQKRRGT
RKRSGKRKGS
RKRGARRKST
ATATGSTTSS
ATASASSSSS
SSGAGATGGS"
18,60,23.03309376,59.95696797,0.6098023,0.4672164,5.2822876,"KRRKNQGTKS
GGSKGASTRA
TATRGSTTKS
SATASASRSS
SSRSSGARGA
TGKGSRRKRR"
19,60,19.48480061,32.52746657,0.32143587,0.34661117,19.99287,"KKRKAHHNKN
NQNRQNNNRN
QNQRNQNQKN
QQQDDEEEDD
DDDDDEEDDD
DDDDDDDDEE"
20,60,22.8170036,56.7240794,0.52441067,0.45672804,5.9513474,"DKDAHDKRHN
KEDNNKDDQN
EDEQNDDDNN
NQDEKNQRDD
NQERENQDED
NQDDDQQRDD"
21,60,18.02471046,32.19435505,0.16257297,0.3126878,21.379114,"KRKSNRRRPP
RRKNNKKRPN
RRRQQRKRNN
PQDDENPEDD
NNDDEQQDEE
QHEDEPQEEE"
22,60,22.79603154,54.29348849,0.51517946,0.41329125,7.06549,"DDRSNERRPP
ERENNEKKPN
EREQQDKKNN
PQKRRNPDDR
NNDRKQQERE
QHRDEPQDRE"
23,60,17.21928249,31.62455251,-0.012252003,0.2932012,36.6816,"RRRKKKKTKR
RKMRKRRPRK
KRNKRKRPRR
RKPQQNNEQQ
NNDNQNNENQ
NSDQSEDDDD"
24,60,24.33635885,57.73367469,0.5633407,0.44967312,7.043292,"DDRTMRRKPN
KKEPPRRRQQ
KKDNNRRKQQ
NNRRENQRRD
NNRKKNQKKR
NSKKDQSRDE"
25,60,20.15502194,46.5041261,0.38062668,0.4155686,16.030653,"KKKKMVVSRS
VVGRAGMARS
VVAKSVVARP
VSGDDDEEEE
EDDDEDDDDD
EEDEDDDDDD"
26,60,24.65709323,62.04246913,0.59742445,0.47946796,5.4790564,"DDKEMVDKDV
SEEKSVDEDV
GKRDAGDDDM
ASVVDDASVD
EVAPREVSGE
RDRDKDEDED"
27,60,17.9256232,31.28359955,0.21992902,0.3324973,17.280817,"KRRAVKKKVA
KRKSSRKKVV
KKRGARKKSV
SVDEDVPEDD
VVDDDGSDDD
VSDDEAVDEE"
28,60,23.26462302,56.48694885,0.57660156,0.45975575,5.8735228,"EKDAVDEKVA
DKKSSKDKVV
DDRGAKRDSV
SVDRDVPDEK
VVRDKGSDRE
VSEKKAVKRD"
29,60,23.45761916,56.63650128,0.57524127,0.4596325,5.9399004,"SSGSSGSSEK
DAVDEKVADK
KKDKVVDDRA
KRDVVDRDVP
DEKVVRDKDR
EVEKKAVKRD"
30,60,23.34233931,56.32786701,0.5755186,0.45957404,5.9596167,"SESKGDSASV
GDSESKVADK
KKDKVVDDRA
KRDVVDRDVP
DEKVVRDKDR
EVEKKAVKRD"
31,60,18.04843422,36.74286553,0.098871306,0.30486637,28.057209,"KRRKRKRVRK
RRVKRKKAKR
RRAKRRKVKK
KRSAAVGEAV
AADSAVADAV
VVDSADDDDD"
32,60,24.39256382,61.35573941,0.60549885,0.46073556,5.745206,"KRKVVDRDAA
RRRVSDRKAA
KDRVGKRKAV
AARKKSARKD
VADEKAVRDR
VVKRKSADRK"
