1	SNRQLERSGRFGGNPGGFGNQGGFGNSRGGGAGLGNNQGSNMGGGMNFGAFSINPAMMAAAQAALQSSWGMMGMLASQQNQSGPSGNNQNQGNMQREPNQAFGSGNNSYSGSNSGAAIGWGSASNAGSGSGFNGGFGSSMDSKSSGWGM	0.61
2	MASNDYTQQATQSYGAYPTQPGQGYSQQSSQPYGQQSYSGYSQSTDTSGYGQSSYSSYGQSQNTGYGTQSTPQGYGSTGGYGSSQSSQSSYGQQSSYPGYGQQPAPSSTSGSYGSSSQSSSYGQPQSGSYSQQPSYGGQQQSYGQQQSYNPPQGYGQQNQYNSSSGGGGGGGGGGNYGQDQSSMSSGGGSGGGYGNQDQS	0.24
3	GNPIKVSFATRRADFNRGGGNGRGGRGRGGPMGRGGYGGGGSGGGGRGGFPSGGGGGGGQQRAGDWKCPNPTCENMNFSWRNECNQCKAPKPDGPGGGPGGSHMGGNYGDDRRGGRGGYDRGGYRGRGGDRGGFRGGRGGGDRGGFGPGKMDSRGEHRQDRRERPY	-0.04
4	MSRAALPSLENLEDDDEFEDFATENWPMKDTELDTGDDTLWENNWDDEDIGDDDFSVQLQAELKKKGVAAN	-0.01
5	RDEISLDSAKKAACEFSETDVTNTEHHQPSNNDLNTTEKRAAERHPEKYQGSSVSNLHVEPCGTNTHASSLQHENSSLLLTKDRMNVEKAEFCNKSKQPG	0.24
6	HNSKAPKKNRLRRKSSTRHIHALELVVSRNLSPPNCTELQIDSCSSSEEIKKKKYNQMPVRHSRNLQLMEGKEPATGAKKSNKPNEQTSKRHDSDTFPEL	0.26
7	MEEPQSDPSVEPPLSQETFSDLWKLLPENNVLSPLPSQAMDDLMLSPDDIEQWFTEDPGPDEAPRMPEAAPPVAPAPAAPTPAAPAPAPSWPLSSSVPSQKT	0.06
8	KKPLDGEYFTLQIRGRERFEMFRELNEALELKDAQAGKEPGGSRAHSSHLKSKKGQSTSRHKKLMFKTEGPDSD	0.72
9	NTAGTSLPSVDLLQKLRLTPQHDQIQTQPLGKGAMVASFSPAAGQLATPESFIEPPSKTAAARVAASASLSNMVLAPLQSMQQNQDPEVFVQPKVLSSAIPVAGAPLVTATTTAVSSVLLAPSVFQQTVTRSSDLERKASSPSPLTIGTPESQRKPSIILSKSQLQDTLIHLIKNDSSFLSTLHEVYLQVLTKNKDNHNL	0.74
10	MGDEDWEAEINPHMSSYVPIFEKDRYSGENGDNFNRTPASSSEMDDGPSRRDHFMKSGFASGRNFGNRDAGECNKRDNTSTMGGFGVGKSFGNRGFSNSRFEDGDSSGFWRESSNDCEDNPTRNRGFSKRGGYRDGNNSEASGPYRRGGRGSFRGCRGGFGLGSPNNDLDPDECMQRTGGLFGSRRPVLSGTGNGDTSQS	0.55
11	GVDPALSDPVLARRLRENRSLAMSRLDEVISKYAMLQDKSEEGERKKRRARLQGTSSHSADTPEASLDSGEGPS	0.25
12	GPTQAAPGVRVEEEEWAREIGAQLRRMADDLNAQYERRRQEEQHRHRPSPWRVM	0.5
13	MKHPYEEFPTGSKSPYNMSRGAHPGAVLLSPQSSAINKNNPGSNSGNNQGNSSVTANVLSPQSHSMSLNDMLDQQSFMLDTAGTRAQPLQQQQQQQQQQQQASLPSLNIQTVSSTAAGSAIVSPMMQSPKALQSTLSSTSMYLDSFQRSPNNILGIPSQSGSIPLPQSRQSQQQSQSQKNDPNMGTNFSQDINQLCSWIS	0.6
14	DGAGEGPAQSLTEQMKKIALESVGQPEELMESDNCSGGDDDWTHLSSKEVDPSTGELQSLQMPESEGPSSLDPSQEGPTGLKEAALYPHLPPEADPRLIE	0.63
15	KVPAQESQDVSGSRPAAPLIGAPANSEDTHLVDPKTDPSDSQTGLAEQCAGIRKRPATDDSSTQNKRANRTEENVSDGSPN	0.38
16	PPETWLQNERELKRERRKQSNRESARRSRLRKQAETEELARKVEALTAENMALRSELNQLNEKSDKLRGANATLLDKLKCSEPEKRVPANMLSRVKNSGAGDKNKNQ	-0.01
17	RTYMDVMREQHLTKEEREIRQQLAEKAKAGELKVVNGAAASQPPSKRKRRWDQTADQTPGATPKKLSSWDQAETPGHTPSLRWDETPGRAKGSETPGATP	0.11
18	MPLPVALQTRLAKRGILKHLEPEPEEEIIAEDYDDDPVDYEATRLEGLPP	0.32
19	PNSVVTKSAKKLRSSNADAEEKLDRSHDKSDRGHDKSDRSHEKLDRGHDKSDRGHDKSDRDRERGYDKVDRERERDRERDRDRGYDKADREEGKERRHHRREELAPYPKSKKAVSRKDEELDPMDPSSYSDAPRGTWSTGLPKRNEAKTGADTTAAGPLFQQRPYPSPGAVLRANAEASRTKQQD	0.33
20	MSDEAKEKRELESQKESSHNKSEKSVEPKPKRRRRRNYDDYDAEVAKEETKAKNGLTKSENNGTVEDSESDMDDAKLDALMGNEGEEEEDDLAEIDTSNIITSGRRTRGKVIDYKKTAEELDKKEPSTGSKDDVGYGEKEEDDEDEEDDDFKE	0.4
21	MNIVPQDTFKSQVSTDQDKSVLSSAVPSLPDTLRQQEGGAVPLSTQLNDRHPLESTLKNWETTQRQRQMEQYRQIFGIAEPMKRTMEMEIVNRTDFNPLSTNGSIHRDILLNKECSIDWEDVYPGTGLQASTMVGDDVHSKIEKQLGI	0.38
22	LNMEDLMEGNHHLLSDSSEAGSSSEGEHISSIPTRGEIAKLKAQKSLSRRKISESDVTTERDYVKLLDSEDKREIMETIRLNGGLKRNNEKEITNFSDDE	0.36
23	MQGFQDEMLALTDNQIAIQKDSKRKIIEKAINEVPYRTNEEWETQLLSKGNINKSNEKIITPLPVLFPDDDESGNSIERINEMVSKICLQRKKVEMRLQALEKTKIDLEKSKASLINKLIGN	0.92
24	MKLPVAQYSAPDGVEKSFAPIRDDPRYMTTEGRTTGPSDHVLNAGQIDRDKPSEPERTKDGSQLTYLGQLRTQLTGLQDDINEFLTGRMELAKNKKKAGADEKRIQEEINQLLDGGDGDEDAV	0.58
25	NAGTEKEKESKKDSKPAFSFGISNGSESKDSDKPSLPSAVDGENDKKEATKPAFSFGINTNTTKTADTKAPTFTFGSSALADNKEDVKKPFSFGTSQPNN	0.64
26	MSENIGHININANLQNVDRRDAAAIQSVERKLLGYNPPGGLASEAQSAAALNEGIGQPMNRGISTDIPAPADIDVDRGTASKDFGHVRFDVDLNQVRPEEAAALQAAESKIEGLAPSITVGGIGSAAQSMAAFNEREQSETGPFHPGIKATEPLPGPTYYQGVELSPSALPTYAPDVSVFPPSLSTNTSNVGAVPPSITT	0.71
27	MSESGQEQNRGTNTSPNNAENNNNSNAASGPLNGGAEQTRNITVSIQYSYFTPERLAHLSNISNNDNNENNSAASGSTIANGTGPSFGIGNGGHQPDGALVLSFRDVPASTPQDRLNSFISVAAQLAMERFNRLLNRPKGISKDEFDKLPVLQVSDLPKAEGPL	0.26
28	QKISESVGVQRAAQQDTDEVAANEAAFERIRRVLYDPTAVNSTNENSSAPSENTSNTTVPTIGNASSGEQMLSRTGFFLVPQNGQPLHNPVRLPPNDSDRNGVNGPSSTTQNPPSNSGGSNNNQSPRWVP	0.83
29	MSVYFPIHCSDYLRSAEMTEVMMNAPSMEEIGLSPRKDGLSYQIFPDPSDFDRCCKLKDRLPSIVVEPTEGEVESGELRWPPEEFLVQEDEQDNCEETTNEKKDQ	0.14
30	TPVTIENFLSWKAKFDAELLEIKKKRMKEEEQAGKNKLSGKQLFETDHNLDTSDIQFLEDAGNNVEVDESLFQEMDDLELEDGEDDPDYNPVAPGSDSSD	0.39
31	SHRPIKGILKNKTSAASPPVVPSAEQPRPIVEEELSKKSQKWDEMNILAT	0.42
32	YHPADKDYGLMKIDEPNTPYHNMIGDDEDAYSDSEGNEVMTPDILAKKLAAAEGSEPKYRTREQESSGEEDNDLSPEEREKKRQFEMKRKLHYNEGLNIKLARQLISKDLHDDDEDEEMAETADGDSMNVEESSQGSTTSDHLQHKSQSS	0.19
33	METLKSKTKTRVLPSWMTAPVDERKVVSVKTATRKQTAAWAQRVGAATRAPATETVYCMNEAEMVDVALGILIEGRKQEKPWEQRSLEATDKLQLSPPCSSSPGSSSEEEDSRISSLAPGLSPPRGPEASDSPCSRSPEEEKEEEDALKY	0.2
34	MLWQKSTAPEQAPAPPRPYQGVRVKEPVKELLRRKRGHTSVGAAGPPTAVVLPHQPLATYSTVGP	0.31
35	MDVFKKGFSIAKEGVVGAVEKTKQGVTEAAEKTKEGVMYVGAKTKENVVQSVTSVAEKTKEQANAVSEAVVSSVNTVATKTVEEAENIAVTSGVVRKEDLRPSAPQQEGEASKEKEEVAEEAQSGGD	0.04
36	MESSAKMESGGAGQQPQPQPQQPFLPPAACFFATAAAAAAAAAAAAAQSAQQQQQQQQQQQQAPQLRPAADGQPSGGGHKSAPKQVKRQR	0.63
37	RRNERERNRVKLVNLGFATLREHVPNGAANKKMSKVETLRSAVEYIRALQQLLDEHDA	0.06
38	ENFSRKRYRSVDLSKENDDRKQNENKSLKESETSGPTAAPMWAVAPPSRSGAGNTFWMLPVPTTAGNQMESSSNNNTAAGHRAPPMWPFVNSAGGGAGGG	0.24
39	GGAATHFMAGTGFSFPMDQYRGSPLQLGSFLAQPQPTQNLGLSMPDSNLGMLAALNSAYSRGGNANANAEQANNAVEHQEKQQQSDHDDDSREENSNSSE	0.38
40	MQEQATSSLAASSLPSSSERSSSSAPHLEIKEGIESDEEIRRVPEFGGEAVGKETSGRESGSATGQERTQATVGESQ	0.48
41	SSLMGPNGNSKTMINGSYNKRDLIRGRRGELFSAPASMRTSPTNSGHLRVSTAGLSSSSGSTSSSSSDSTMEELQAAIQAAIAHCKNSSAVDRDDKVKDS	0.21
42	MAEEYKNTVPEQETPKVATEESSAPEIKERGMFDFLKKKEEVKPQETTTLASEFEHKTQISEPESFVAKHEEEEHKPTLLEQLHQKHEEEEENKPSLLDKLHRSNSSSSSSSDEEGEDGEKKKKEKKKKIVEGDHVKTVEEENQGVMDRIKEKFPLGEKPGGDDVPVVTTMPAPHSVEDHKPEEEEKKGFMDKIKEKLPG	0.55
43	MAEEIKNVPEQEVPKVATEESSAEVTDRGLFDFLGKKKDETKPEETPIASEFEQKVHISEPEPEVKHESLLEKLHRSDSSSSSSSEEEGSDGEKRKKKKEKKKPTTEVEVKEEEKKGFMEKLKEKLPGHKKPEDGSAVAAAPVVVPPPVEEAHPVEKKGILEKIKEKLPGYHPKTTVEEEKKDKE	0.27
44	GERHLLKNIKRRKTSSQTQTQSLEGEIHELRRDRMALEVELVRLRRKQES	0.18
45	SSDQRTLRRLAQNREAARKSRLRKKAYVQQLENSRIRLAQLEEELKRARQQGSLVER	0.04
46	ILLKGKKLGGLLPAGGENGSEATDVSDEVEAAEMEDEAVRSQVQHKPKEDKLKLVPEL	0.34
47	DRMKKLIEDPDKFYTPKTRPSGHDIGKSFSKDNGGSIPPNLLQISNSESNGQYLANCK	0.42
48	QISTIAESEDSQESVDSVTDSQKRREILSRRPSYRKILNDLSSDAPGVPRIEEEKSEEET	0.3
49	PIPELDDAVVESFFSSSTDSTPMFEYENLEDNSKEWTSLFDNDIPVTTDD	0.07
50	RARNTEAARRSRARKLQRMKQLEDKVEELLSKNYHLENEVARLKKLVGER	0.24
51	MSSKEQKTPEGQAPEEIIMDQHEEIEAVEPEASAEQVDPRDEKVANLEAQ	0.37
52	KKLEEETEPAAMDRVKAEVRLMIQKARLEKKMSQADLAKQINERTQVVQE	0.26
53	QGSGGQTQTQSQATASATTGGATAQPQTKPKVRARRGQATDPHSIAERLRRERIAERMKSLQELVPNGN	0.27
54	TTMQSLCGSSSSTSSYYPLAISGIGETMAQDRALAALRNHKEAERRRRERINSHLNKLR	0.2
55	PVLLEVEVDKKVPVLPMVAGGSGLDEFINFDPEVERQQTELRHKRTGGKH	0.27
56	EKLLDTMNRLDDKYRELRSQLSNKSLAPEVHQQISKQLADRERELLPIYGQIS	0.38
57	SLVHMDIKPSNIFISRTSIPNAASEEGDEDDWASNKVMFKIGDLGHVTRI	0.3
58	MSATAATVPPAAPAGEGGPPAPPPNLTSNRRLQQTQAQVDEVVDIMRVNVDKVLERDQKLSELDDRADALQAGASQFETSAAKLKRKY	0.63
59	DVDFGDSDNENEPDAYLARLKAEAREKEEDDDDGDSDEESTDEDFKPNENESDVAEEYDSNVESDSDD	0.21
60	DSDASGGGGDSDGAKKKKEKKSEKKEKKEKKHKEKERTKKPSKKKKDSGK	0.12
61	GGDSDNEKGGKSSKKRKTEPSPSKKANTSGSGFKSKEYISDDDSTSSDDEKDNEPAKKKSKPPSDGDAKKKKAKSESEPEESEEDSNASDEDEEDEASD	0.27
62	HSSRPSQNIAAGLESPDQQAGAQILGQCGTGGSDEPSEPSRAEDPGPGPW	0.44
63	ATYNNATEQEGKTYIQGETPEQANARYLKRVGAANNQNPAAEDKGATTPASKEEAKKSEAAAKNAGKAAGKALPKTSAVK	0.25
64	GAIQLTEALRMQMEVQKQLHEQLEVQRVLQLRIEEHAKYLEKMLEEQRKTGRWISSSSQTVLSPSDDSIPDSQNMSKTKASSPQPPLPAENKASETEDDKCESPQKRRRLENIAESEDPKR	0.63
65	EFCIPTSSTIEQQNSARIRQNTREHPSTANTVDRTNHQLENLEAETAPLP	0.29
66	MPRGFLVKRSKKSTPVSYRVRGGEDGDRALLLSPSCGGARAEPPAPSPVP	0.12
67	SSVSASSSPSPSTPTKSGKMRSRSSSPVRPKAYTPSPRSPNYHRFALDSPPQSPRRSSNSSITKKGSRRSSGSSPTRHTTRVCV	0.01
68	ATIKRLKRSPDKQAAALPRRERNRQAAAASPENSRGKGRRGQRGKNRGCV	0.09
69	ATGFVKKDQLGKNEEGAPQEGILEDMPVDPDNEAYEMPSEEGYQDYEPEA	0.31
70	EENRTEAPEETEPERETPSAINGNPSWHLADSPAVNGATGHSSSLDAREV	0.35
71	SGVNKSDKKVTPTEEKEQEAVSKSTSPAANSADTPNETGKRPLEEEKPPK	0.35
72	AMQECMQKYPDLYPQEDEDEEEEREKKPAEQAEETAPIEATATKEEEGSS	0.33
73	ILFKDNEKSCQNKESNKDDTKEAKESKENKEVSSPDDLELELENLEINDD	0.3
74	LCGRPGRGQTQQEEEEEDEDHGPDDYDEEDEDEVEEEETNRLPGGRSRVL	0.28
75	QPYEKKAAKLKEKYEKDIAAYRAKGKPDAAKKGVVKAEKSKKKKEEEDDEEDEEDEEEEEEEEDEDEEEDDDDE	0.17
76	MRVKGPSSRRKKKKILKLAKGYRGQRSRSYRRAKEAVMRALYYQYRDRKLRKREFRRLW	-0.13
77	LEEQKLQIQVELLELEKQRFRWQRFSKKRDQELERMRMENERMKLENDRMGLELKQRELGVE	0.28
78	NDHSDSSNKKRLCGNREAVRKYREKKKARTAYLEDEVMRLQSLNEQFLRKLQSQEMVETELIRLRALLVEMQ	0.18
79	LDGLHNELQTIGFQIETIGKKVSSKRIPYAPSGEIPKFSLQDPPNKKPKV	0.33
80	AEESSKIRAPTTMKKFEDSEKAKKPVRSMIETRGEKPKEKAKNSKKKGAKKEGSDGPLATSKPVPAEKSGLPVGPENGVELSKEELIRRKREEFIQKHGRGMEKSNKSTKSDAPKEKGKKAPR	0.15
81	LQAQNPLTESERRSMEDQIERLKNEKEGLLAELQNQEQERKEFELQVTTLKD	0.56
82	FGPLLPTESERSLMERVRQELKLELKQGFKSRIEDVREEIMRKRRAGKLPGDTT	0.25
83	ESSDQAKEEEEKEEEEEERDSMMGQKIDGSEGEDIQIWGEEEVRRLMEIDA	0.33
84	VSPTRSVLPANWRQELESLRNGNGSSSAASSAPAPARSSSASWRDAAPASSAPARSSSASKKA	0.37
85	VTPSRSALPSNWKQELESLRSSSPAPASSAPAPARSSSASWRDAAPASSAPARSSSSKKAVTPSRSALPSNWKQELESLRSSSPAPASSAPAPARSSSASWRDAAPASSAPARSSSASKKAVTPSRSALPSNWKQELESLRSNSPAPASSAPAPARSSSASWRDAPASSSSSSADKA	0.62
86	GSSVKRQSTARTRSFTETNRRTPSVQSKHEFWEDPDDGSDSENEYEGEEEDGIGNDLDNESDWEDDSRVQKLTTTDNYEEELAKEVEQLLEPEERVILQQNEKPNLKMIST	0.42
87	VTQVAKQERKKNRRGGAKRLDESEIEPENLVPEEWRDIQAEVNLTKKDKRKIAQEMEFGVRVEKKRQGLIPLRKVDLNDFLTYKEAKLAQLRPVILDKPGNFSDDSGASSDGETAVSSPSERVAPKNPRWAVYGKGFDHVAKFFNSDKYDPSDKKS	0.16
88	EQVSHGTQNRPLLRNSLDDLVGPPSNLEGQSDERALLDQLHTLLSNTDATGLEEIDRALGIPELVNQGQAL	0.29
89	QQQIQHRLQQAQLMRRRMATMNTRNVPQQSLPSPTSAPPGTPTQQPSTPQTPQPPAQPQPSPVSMSPAGFPSVARTQPPTTVSTGKPTSQVPAPPPPAQPPPAAVEAARQIEREAQQQQHLYRVNINNSMPPGRTGMGTPGSQMAPVSLNVPRPNQVSGPVMPSMPPGQWQQAPLPQQQPMPGLPRPVISMQAQAAVAGP	0.42
90	VQPPRSISPSALQDLLRTLKSPSSPQQQQQVLNILKSNPQLMAAFIKQRTAKYVANQPGMQPQPGLQSQPGMQPQPGMHQQPSLQNLNAMQAGVPR	0.4
91	MTPSTPPRSRGTRYLAQPSGNTSSSALMQGQKTPQKPSQNLVPVTPSTTKSFKNAPLLAPPNSNMGMTSPFNGLTSPQRSPFPKSSVKRTLFQFESHDNGTVREEQEPLGRVNRILFPTQQNVDIDAAEEEEEGEVLLPPSRPTSARQLHLSLERDEFDQTHRKKIIKDVPGTPSDKVITFELAKNWNNNSPKNDAR	0.02
92	MSESSSKSSQPLASKQEKDGTEKRGRGRPRKQPPVSPGTALVGSQKEPSEVPTPKRPRGRPKGSKNKGAAKTRKTTTTPGRKPRGRPKKLEKEEEEGISQESSEEEQ	0.17
93	MSARGEGAGQPSTSAQGQPAAPAPQKRGRGRPRKQQQEPTGEPSPKRPRGRPKGSKNKSPSKAAQKKAEATGEKRPRGRPRKWPQQVVQKKPAQEETEETSSQESAEED	-0.03
94	LPRRPGHDDGQRPSGGAAAAPRRGAQLRRPRHSHPTRARRCPGGLPGHAGGAAPGRGAAGRARCLGPSARGPG	0.1
95	MSERQGAGATNGKDKTSGENDGQKKVQEEFDIDMDAPETERAAVAIQSQFRKFQKKKAGSQS	0.08
96	MDSKSVTPEPTNPFYASSGQSGKTYASVVAAAAAAAADKEDGGAVSSAKELDSSSEAVSGNSDKVGADDLSDSEKEKPNLVGDGKVSDEVDGSLKEDS	0.39
97	DSAEEDENKLPVEDIVSSREFSFGGKEVDQEPSGEGVTRVDGSESEEETEEMIFGSSEAAKQFLAELEKASSGIEAHSDEANISNNMSDRIDGQIVTDSDEDVDTEDEGE	0.35
98	QDKKTMMMNEEDDGNGMDELLAVLGYKVRSSEMADVAQKLEQLEVMMSNVQEDDLSQLATETVHYNPAELYTWLDSMLTDLNPPSSNAEYDLKAIPGDAILNQ	0.1
99	LTNNVLSTAQQVYLRKLGGAKPNMDENASKIISAGRAKRSIAQPDDAGERFRQLKEQEKRSKKNKAVAKDTVELVEESQSESEEGSDDEEEEAREGALASSTTSKPLPEVGQRRSKRSKRKRTV	0.17
100	DCESKPFSGGVEPMYCLENGAEEMKRGVKADKHWLSEFEHNYWSDILKEKEKQKEQGIVETCQQQQQDSLSVADYGWPNDVDQSHLDSSDMFDVDELLRDLNGDDVFAGLNQDRYPGNSVANGSYRPESQQSGFDPLQSLNYGIPPFQLEGKDGNGFFDDLSYLDLEN	0.07
101	DLCQLSAETKKTPSRSARRKKAKRQWLREKTKLEKEELLQTQLVVAPSQKPV	0.19
102	ADLKKELSGSSKKGELPPGRSTVAASTRYPFKDSEIENELNELRRKANDF	0.68
103	MSEPAGDVRQNPCGSKACRRLFGPVDSEQLSRDCDALMAGCIQEARERWNFDFVTETPLEGDFAWERVRGLGLPKLYLPTGPRRGRDELGGGRRPGTSPALLQGTAEEDHVDLSLSCTLVPRSGEQAEGSPGGPGDSQGRKRRQTSMTDFYHSKRRLIFSKRKP	0.06
104	KGTSTRKPRINSQLVAQQVAQQYATPPPPKKEKKEKVEKQDKEKPEKDKE	0.25
105	MSDAAVDTSSEITTKDLKEKKEVVEEAENGRDAPANGNAENEENGEQEADNEVDEEEEEGGEEEEEEEEGDGEEEDGDEDEEAESATGKRAAEDDEDDDVDTKKQKTDEDD	0.39
106	MSETVPPAPAASAAPEKPLAGKKAKKPAKAAAASKKKPAGPSVSELIVQAASSSKERGGVSLAALKKALAAAGYDVEKNNSRIKLGIKSLVSKGTLVQTKGTGASGSFKLNKKASSVETKPGASKVATKTKATGASKKLKKATGASKKSVKTPKKAKKPAATRKSSKNPKKPKTVKPKKVAKSPAKAKAVKPKAAKARVT	0
107	MATLIYVDKENGEPGTRVVAKDGLKLGSGPSIKALDGRSQVSTPRFGKTFDAPPALPKATRKALGTVNRATEKSVKTKGPLKQKQPSFSAKKMTEKTVKAKSSVPASDDAYPEIEKFFPFNPLDFESFDLPEEHQIAHLPLSGVPLMILDEERELEKLFQLGPPSPVKMPSPPWESNLLQSPSSILSTLDVELPPVCCDI	0.43
108	MSARVRSRSRGRGDGQEAPDVVAFVAPGESQQEEPPTDNQDIEPGQEREGTPPIEERKVEGDCQEMDLEKTRSERGDGSDVKEKTPPNPKHAKTKEAGDGQP	0.45
109	MRRRGEIDMATEGDVELELETETSGPERPPEKPRKHDSGAADLERVTDYAEEKEIQSSNLETAMSVIGDRRSREQKAKQEREKELAKVTIKKEDLELIMTEMEISRAAAERSLREHMGNVVEALIALTN	0.38
110	MVRTKADSVPGTYRKVVAARAPRKVLGSSTSATNSTSVSSRKAENKYAGGNPVCVRPTPKWQKGIGEFFRLSPKDSEKENQIPEEAGSSGLGKAKRKACPLQPDHTNDEKE	0.2
111	VEEKKTRAAREGDRRDNRLRGPGGPRGGLGGGMRGPPRGGMVQKPGFGVGRGLAPRQ	0.26
112	MESNQSNNGGSGNAALNRGGRYVPPHLRGGDGGAAAAASAGGDDRRGGAG	0.01
113	MLCEDQHMSVENTPQKGSGSLNSSASSISIDVKPTMQSWAQEVRAEFGHS	0.34
114	EVKFERLVKEEKLKTPYKRRHSFTPPSNENSRSNSPNSSNSSANGDAAAPKGGNNPHSRNSKKSGNFRAHKEEKRVRHN	0.15
115	MIKRELMKDPRLANEDWSRFLPKFKNKNISKRKQPKVKKQKKEYTPFPPSQPESKVDKQLASGEYFLNQEQKQAKRNQERTEKQKEAAKRQDERRNKDFVPPTEESAASSRKKEDGSSSSKVDVKALKAKLIKANKKARSS	0.31
116	GQHMKKSSLSESSSDMMDLDDGVESTPGLTETHPGRSAVAPFLGAQQQQQQPVASSLSMSIDKQLQHPLQQLTQTQLYQQQQQQQQQQQNGFKQQQQQTQQQLQQQQSHTINASAAAATSGSGSSGLTMRHNNALAVSIETDV	0.76
117	KKFKEEEKPAWAKKDIRDYSEADLERLLDQWEEDEEPLEDDELPEHLRPQPKLDLSNLDSKSPEDLLKVSKKG	0.24
118	MSSPDDFETAPAEYVDALDPSMVVVDSGSAAVTAPSDSAAEVKANQNEENTGATAAETSEKVDQTEVEKKDDDDTTEVGVTTTTPSIADTAATANIASTSGASVTEPTTDDTAADEKKEQVSG	0.47
119	YDNFREVVDSRLQEESHSNGVDNSNSNSDNKDSIRPKTEIISTNTNGATEDSTSEKVMVDAEQQARLQEQAQLLRQHVSSTASITSGGHNDLVQIEQPQKDTSNNNNSNVNDEDNDLLTQDNNPQTADEGNASFQAQRSMISRGALPSHN	0.61
120	QRGYKTFEEIQKEEEARQQQEEDEAVDEIKQEIKFTKQSSVASTRNTLKMAQDAERAGMNTLGMLGHQSEQLNNVEGNLDLMKVQNKVADEKVAELKKLNR	0.54
121	SILAVHVSNPFNSKRRRREREEQLKNRKIEEKLMREQTSQQLSQSTQRIEGAMNANNNISEVRERYQRKNVLEKAKRYQFENDEEDDEMELEIDRNLDQIQQVSNRLKKMALTTGKELDSQQKRLNNIEESTDDLDINLHMNTNRLAGIR	0.51
122	MSQEQPRRPQAGQDPIKYGDVLPVSGDLSQKPITPEDAAMMQSAESRVLGQTQPGGVASVMQSAATRNEQAGIVGHKDVTDVTGDRGVTVTETQVPGRRI	0.67
123	ITETVGGQVVGQFVEPTPVQVGLTGAVRESALTIGEALEATAHTVGDKPVEQSDASAIQAAEVRATGSNVITPGGLASMAQSAAAFNAECQREEEKIKMG	0.66
124	MASHQEQSYKAGETRGKAQEKTGEAMGTMGDKTQAAKDKTQETAQSAQQKAHETAQSAKDKTSQAAQTTQERAQESKDKTGSYMSETGEAIKNKAHDAAEYTKETAEAGKEKTSGILGQTGEQVKQMAMGATDAVKHTLGLRTDEGNKEHVSSAPSTTTTTTTRETQRK	0.47
125	WEAEENVPYTAYFDKARKTRAPGSKIMNPNDPEYNSDSQSQAPPHPPSSRTKPEQVDTVRRSREHMRSREESELKQFGDAGGSSNEAANKRQGRASQNNS	0.24
126	RDNSGVTLEGPKDLPPQLESNQGARGSGSANSVGSSTTRPKSPWMPFPTL	0.36
127	MASYQNRPGGQATDEYGNPIQQQYDEYGNPMGGGGYGTGGGGGATGGQGYGTGGQGYGSGGQGYGTGGQGYGTGTGTEGFGTGGGARHHGQEQLHKESGGGLGGMLHRSGSGSSSSSEDDGQGGRRKKGITQKIKEKLPGHHDQSGQAQAMGGMGSGYDAGGYGGEHHEKKGMMDKIKEKLPGGGR	0.45
128	MAEEYKNNVPEHETPTVATEESPATTTEVTDRGLFDFLGKKEEEVKPQETTTLESEFDHKAQISEPELAAEHEEVKENKITLLEELQEKTEEDEENKPSV	0.34
129	IEKLHRSNSSSSSSSDEEGEEKKEKKKKIVEGEEDKKGLVEKIKEKLPGHHDKTAEDDVPVSTTIPVPVSESVVEHDHPEEEKKGLVEKIKEKLPGHHDE	0.32
130	KAEDSPAVTSTPLVVTEHPVEPTTELPVEHPEEKKGILEKIKEKLPGYHAKTTEEEVKKEKESDD	0.74
131	TAGEKEDAPRRERKPRPTTPRRKEGAERKPRAQKPVEKAPKTVKAPREEQ	0.18
132	RQLALEAKGETPSAVTRLSVVAKSEPQDEQSRSQSPRRIILSRLKAGEVD	0.27
133	YNGQSETSQQPETPVFNTLPMMGKASPVSLGVPSEATANNGQQQQVQEQRRRINAMLQDYELQRRLHSEQLQFEQAQTQQAAVQVPGIQTLGTQSQ	0.61
134	KKAMSDDEPKQDKTSQDADFTAKTIADKQADTNQEQAKTEDAKRHDKEQV	0.36
135	MVYKHAISTVVPSRPVSHHSNNAGGGTSSNYHHGSSAQNTSAQQDSEETE	0.24
136	RALGMSMRVERSSLEQVQERFEVLKKRKAPGTFTEQDLDERIRKQQEEEEELKRQRREKKKEKKKGKVVEEEPEMDPEVAEMMGFGGFGSSKKS	0.27
137	NKPEKDAEMDTDSSTPVVKTKVRGKKVKRRYKEEKEEIAGSIRWLAEVVMRSERARMETMKEIERMRAEAEAKRGELDLKRTEIMANT	0.2
138	RKLLGEGIDACSIEELQQLENQLDRSLSRIRAKKYQLLREEIEKLKAEERNLVKENK	0.24
139	LSELWNIDPKRAKRILANRQSAARSKERKARYIQELERKVQSLQTEATTLSAQLTLYQRDTNGLANENTELKLRLQAMEQQAQLRNALNEALRKEVERMKMETGEISGNSDSFDM	0.38
140	NTLKDILEEFMRQTVKMEKEWRDAWEMKEIEREKREKEWRRRMAELEEERAATERRWMEREEERRLREEARAQKRDSLIDALL	0.07
141	SEGGGGGTSGAARKREYSSDEEEENVNEELVDVSNDPKILNPKKNIAKKRKGGSNSSNSNNGVREVLEEFMRHQVRMESEWREGWEAREKERAEKEEEWRRKMEELEKERLAMERMWRDREEQRRSREEMRAEKRDSLINAL	0.63
142	PFRDELHINEDMDMHESAKLERQRREEARRSLRSGLTGLPQPKNEYQIVAQPPPEESEEPEEKIEEDMSDRIAREKAEEEARQQALLKKRSKVLQRDLPRPPAASLAVIRNSLLSADGDKSSVVPPTPIEVADKMVREELLQ	0.17
143	MADRVKGPWSQEEDEQLRRMVEKYGPRNWSAISKSIPGRSGKSCRLRWCN	-0.03
144	VEKLTEENRRLEKEAAELRALKLSPRLYGQMSPPTTLLMCPSCERVAGPSSSNHNQRSVSL	0.61
145	TPEEVKLKAQELRERARKKKEEEEKRMEREREKERIRIGKELLEAKRMEEVNERKRLMFLRKAEKEEEKRAREKIRQKLEEDKAERRRKLGLPPEDPATAAAKPSV	0.47
146	PLQEIFGVTKNNDHEKHDEEPDEESYRMAKRQRSMEYRMMMEKKRRKEIKDKVDIL	0.06
147	KRKLSIPMTVARVVKYIPEQKQELQRLSRRKEELLKRISRKTHQEQLRNKAMMDSID	0.08
148	YTSVYNNSLEAEPSSNNDQDEDRINDKMKRRLAQNREAARKSRLRKKAHVQQLEESRLKLSQLEQELV	0.09
149	LQVVDSRMEEEEVDAAETIEEEEQREQRSYKEKVEILKRKKMELKAARLAKRSKTSEGSVKKPKKTEEESPSDEEDDEDSAVDWR	0.2
150	MMLTKSVVISRPAVRPVSTRRAVVVRASGQPAVDLNKKVQDAVKEAEDACAKGTSADCAV	0.38
151	MATIATGLNIATQRVFVTSENRPVCLAGPVHLNNSWNLGSRTTNRMMKLQPIKAAPEGGISDVVEKSIKEAQETCAGDPVSGECVAAWDEVEELSAAASHARDKKKADGSDPLEEYCKDNPETNECRTYDN	0.57
152	MSDQSQEPTMEEILASIRRIISEDDAPAEPAAEAAPPPPPEPEPEPVSFDDEVLELTDPIAPEPELPPLETVGDIDVYSPPEPESEPAYTPPPAAPVFDRDEVAEQLVGVSAASAAASAFGSLSSALLMPKDG	0.3
153	CLRKKRKPQAEKVDVIAGSSKMKGFSSSESESSSESSSSDSEDSETEMAPKSKKKGHPGREQKKHHHHHHQQMQQAPAPVPQQPPPPPQQPPPPPPPQQQQQPPPPPPPPSMPQQAAPAMKSSPPPFIATQVPVLEPQLPGSVFDPIGHFTQPILHLPQPELPPHLPQPPEHSTPPHLNQHAVVSPPALHNALPQQPSRP	0.41
154	SNRAAALPPKPARPPAVSPALTQTPLLPQPPMAQPPQVLLEDEEPPAPPLTSMQMQLYLQQLQKVQPPTPLLPSVKVQSQPPPPLPPPPHPSVQQQLQQQPPPPPPPQPQPPPQQQHQPPPRPVHLQPMQFSTHIQQPPPPQGQQPPHPPPGQQPPPPQPAKPQQVIQHHHSPRHHKSDPYSTGHLREAPSPLMIHSPQM	0.94
155	SQFQSLTHQSPPQQNVQPKKQELRAASVVQPQPLVVVKEEKIHSPIIRSEPFSPSLRPEPPKHPESIKAPVHLPQRPEMKPVDVGRPVIRPPEQNAPPPGAPDKDKQKQEPKTPVAPKKDLKIKNMGSWASLVQKHPTTPSSTAKSSSDSFEQFRRAAREKEEREKALKAQAEHAEKEKERLRQERMRSREDEDALEQAR	0.66
156	RAHEEARRRQEQQQQQRQEQQQQQQQQAAAVAAAATPQAQSSQPQSMLDQQRELARKREQERRRREAMAATIDMNFQS	0.42
157	EHHSGSQGPLLTTGDLGKEKTQKRVKEGNGTSNSTLSGPGLDSKPGKRSRTPSNDGKSKDKPPKRKKADTEGKSPSHSSSNRPFTPPTSTGGSKSPGSAGRSQTPPGVATPPIPKITIQI	0.3
158	PKGTVMVGKPSSHSQYTSSGSVSSSGSKSHHSHSSSSSSSASTSGKMKSSKSEGSSSSKLSSSMYSSQGSSGSSQSKNSSQSGGKPGSSPITKHGLSSGSSSTKMKPQGKPSSLMNPSLSKPNISPSHSRPPGGSDKLASPMKPVPGTPPSSKAKSPISSGSGGSHMSGTSSSSGMKSSSGLGSSGSLSQKTPPSSNSCT	0.18
159	ASSSSFSSSGSSMSSSQNQHGSSKGKSPSRNKKPSLTAVIDKLKHGVVTSGPGGEDPLDGQMGVSTNSSSHPMSSKHNMSGGEFQGKREKSDKDKSKVSTSGSSVDSSKKTSESKNVGSTGVAKIIISKHDGGSPSIKAKVTLQ	0.44
160	KPGESSGEGLRPQMASSKNYGSPLISGSTPKHERGSPSHSKSPAYTPQNLDSESESGSSIAEKSYQNSPSSDDGIRPLPEYSTEKHKKHKKEKKKVKDKDRDRDRDKDRDKKKSHSIKPESWSKSPISSDQSLSMTSNTILSADRPSRLSPDFMIGEEDDDLM	0.29
161	TKGTDEVPVPPPVPPRRRPESAPAESSPSKIMSKHLDSPPAIPPRQPTSKAYSPRYSISDRTSISDPPESPPLLPPREPVRTPDVFSSSPLHLQPPPLGK	0.47
162	KVLQTRMARLIVEHSSTEGKLMKRIEMLEKHLSRYKALARRQKTMHGVSIDGGDISTDGVDERVRPPRLRQTKTIDLPTGTESESLLK	0.5
163	EVDMRPSPKLAEEARRDAERYQKEHEMINRQAEATLQKKAEEYRHQTEAEAEKIRRELEKQHERDIQFRKDLIDQTIEKQKREVDLEAKMAKRELDREAQL	1.81
164	MASHGQSYRAGEATGRAEEKADQMMGKTRGATEAMKNKAQQAKDKTMETAQAAKEKTSEKAYEAKDKTSNMAQSAKGQAQQSKDQTGSFASDKAQAAKDKAYQAAQATKEKASDMTEYAKETAEAGKEKTGGILQRTGEQVKSMAQGAADAVKNTFGMGEPEEDDPIKTTRP	0.64
165	MEKSKKEQMKELEKMRADFQRDLELQKKQIVDRAQSEIARLREEEENHHGGGDDDESEDEEMENDSDVNLSDE	0.32
166	ARIGSDPLAYEPKEDLPVITIDPASPQSPESVDLVNEELKGKVLGLSRDPAKVAEEDEDDDGGIMMRSKETSSPGTDDVFTPAPSDSPSSQRIQRCLSDPGPHPEPGEGEPFFPKGQ	0.36
167	CSVTELQEIDTQIEKSLRIVRSRKAELYADQLKKLKEKERELLNERKRLLEEVNMHHSSKGNTEGGHRTKHSSEVE	0.56
168	ARLHEALSQMWQLEAASRAAIENGSEEGLGDSAEVEEAPIEFPRDITMEETEPTRLNPNR	0.83
169	LRSRDNIYEYRDSPSTKTLASKAHTDTTSLRSPSSLAMTQKSSSQASLKS	0.24
170	YRGSSFLDPKGRGGSTGYDNAVALPAGGRGDEEELVKENVKNTAASVGEI	0.25
171	TSGQAESSSGNEGAAPAKGRGRGRPPAAAKGVAKGAAKGAAASKGAKSGAESSKGGEQSSGDIEMADASS	0.27
172	KGGSDQRDSAATVGEGGASGSEGGAKKGRGRGAGKKADAGDTSAEPPRRSSRLTSSGTGAGSAPAAAKGGAKRAASSSSTPSNAKKQATGGAGKAAATKATAAKSAASKAPQNGAGAKKKGGKAGGRKRK	0.19
173	MSDAGRKGFGEKASEALKPDSQKSYAEQGKEYITDKADKVAGKVQPEDNKGVFQGVHDSAEKGKDNAEGQGESLADQARDYMGAAKSKLNDAVEYVSGRVHGEEDPTKK	0.33
174	LVSTLGEKSGKGLKTCKSPGRKSKESSPKGRSSSASSPPKKEHHHHHHHSESPKAPVPLLPPLPPPPPEPESSEDPTSPPEPQDLSSSVCKEEKMPRGGSLESDGCPKEPAKTQPAVATAATAAEKYKHRGEGERKDIVSSSMPRPNREEPVDSRTPVTERVS	0.36
175	HQQQQLQQQQHHLQQQQHQQQQQSLSQQPQQQQSQQSQAHSQQHQQQHQQQQQQQQPQQQQPQQHPPQQPQQQNSQQAIVGQSQQQVTSGQQK	0.39
176	MEELSSVGEQVFAAECILSKRLRKGKLEYLVKWRGWSSKHNSWEPEENILDPRLLLAFQKKEHEKEVQNRKRGKRPRGRPRKLTAMSSCS	-0.04
177	KVRTQKGELGMSPPGSKIPKAPSGGAVEQKVGNTGGPPHTHGASRVPAGCPGPQPAPTQELSLQVLDLQSVKNGMPGVGLLARHATATKGVPATNPAPGKGTGSGLIGASGATMPTDTSKSEKLASRAVAPPTPASKRDCVKGSATPSGQESRTAPGEARKAATLPEMSAGEESSSSDSDPDSASPPSTGQNPSVSVQTS	0.71
178	RGGGFGGRGGFGDRGGRGGRGGFGGGRGRGGGFRGRGRGGGGGGGGGGGGGRGGGGFHSGGNRGRGRGGKRGN	-0.06
179	EEDAESEDEEEEDVKLLSISGKRSAPGGGSKVPQKKVKLAADEDDDDDDEEDDDEDDDDDDFDDEEAEEKAPVKKSIRDTPAKNAQKSNQNGKDSKPSSTPRSKGQESFKKQEKTPKTPKG	0.33
180	MDPGQQPPPQPAPQGQGQPPSQPPQGQGPPSGPGQPAPAATQAAPQAPPAGHQIVHVRGDSETDLEALFNAVMNPKTANVPQTVPMRLRKLPDSFFKPPEPKSHSRQASTDAGTAGALTPQHVRAHSSPASLQLGAVSPGTLTPTGVVSGPAATPTAQHLRQSSFEIPDDVPLPAGWEMAKTSSGQRYFLNHIDQTTTWQ	0.8
181	DPRKAMLSQMNVTAPTSPPVQQNMMNSASAMNQRISQSAPVKQPPPLAPQSPQGGVMGGSNSNQQQQMRLQQLQMEKERLRLKQQELLRQVRPQELALRSQLPTLEQDGGTQNPVSSPGMSQE	0.99
182	ISSTTLAAPSTTQSIAVPASNSTPVQEQPTAQSDTYGQAASTLVSGSSIEQMVQQIMEMGGGSWDKETVTRALRAAYNNPE	0.47
183	LNEPVQEAGGQGGGGGGGSGGIAEAGSGHMNYIQVTPQEKEAIERLKALG	0.45
184	MQSMKETASNIAASAKSGMDKTKATLGEKAEKMTTRDPLQKEMATQKKEERINEAEMQKREAREHNAAMKEASGAGTGTGLGLGSATHSTTGQVGHGTGTHQMSALPGHGTGQPTGHVVDGTAATEPIGTNTGTGRTTAHNTRVGGGTTGYGTGGGYTG	0.89
185	MQSMKETASNIAASARAGMEKTKATVEEKAEKMKTRDPVQKEMATQKKEDRINQAELEKREAREHNAAAKEAAGAGLGTPGYTAKGSGGLGSATHSTTGRIGHGTGAHQMSALPGHGAGQPTGDVVEGTETAAPIGTNTGTGRTTAHNTRAGGGTTGFTTGGGYSG	0.89
186	MEAMKETAANVGASAISGKEKTKAVVQEKMERMTAHDPMEKEMATKKKEERINQAELNKQEAKEQNAAARQGASTTGTDKPHSYSTTGRTGNPTGAHQMSALPGHGTGAPTGQVTEGVVESRPIGTATGTKRTTVAHNTHAEREVNKGYGTGGAYN	0.71
187	MQAMKETASNFAASAKSGMEKTKAVAQEKMERMTADNPTEKEMATEKKKERINEAEMNKQEARDKNAAARQGYSTTGTEKTHSYSTTGATGHPTGAHQMSALPGHGSGEPAGQVVEGVVQSHPIGTATGTQRSSAAHNTHGGGGVNTGYGTGGSYS	0.57
188	MQGAKKAGEAMKETAANVGASAKSGMEKTKATVQEKTDRMRARDPLQKEMATQKKDERMNQAELDKQAAREHNAAAKQSATAGHMGQGHYTTGTGTGTATYSTTGEYGQPMGVHQTSAVPGHGTGQPTGHVTEGVVGSQPIGTNRDPGGTATAHNTRVGGNPNEYGYGTGGTYS	0.48
189	MQSMKETASNIAASAKSGMDKTKATLEEKAEKMKTRDPVQKQMATQVKEDKINQAEMQKRETREYNAAMKEAAGAGTGLGLGTATHSTTGQVGHGTGTHQMSALPGHGTGQLTDRVVEGTAVTDPIGRNTGTGLTTTAHNTHVGPGPYGTGGGYSG	0.81
190	MQSMKETASNIAASAKSGMDRTKATLEEKAEKMTTRDPVQKQMATQNKEGKINQAEMQKREAREHNAVMKEASGAGTGTGLGLGSATHSTTGHVGHGTGTHQMSALPGHGTGQPTGHVVEGTAVTKPIGTNTGTGRTTAHNTHVGGGTTGYGTGGGYTG	0.65
191	MQSMNETASNIAASAKSGMDKTKATLEEKAEKMTTRDPIQKEMATQKKEGRINQAEMQKREAREHNAAMKEASGAGTGTGLGLGTATHSTTGHVGHGTGTHQMSALPGHGTGEPTGHVVDGTAVTEPIGTNTGTGRTTAHNTRVGGGTTGYGTGGGYTG	0.69
192	MQSMKETASNIAASAKSGMDKTKATLEEKAEKMTTRDPLQKEMATQKKEGRINEAEMQKREAREHNAVMKEASGAGTGTGLGMGTATHSTTGHVGHGTGTHQMSALPGHGTGQPAGHVVDGTAVTEPIGTNTGTGRTTAHNTRVGGGTTGYGTGGGYTG	0.75
193	MQSAKEAVSNIAASAKSGMDKTKATLEEKAEKMKTRDPVQKEMATQRKEGKINQAEMQKRETQEYNAAMKQAAGGGTGTGVGLGTATHSTTGQVGHGTGTHQMSALPGHGTGHPTGHVVEGTAVTEPIGTNTGTGRTTAHNTRVGGGGTTGYGTRGGYTG	0.98
194	MQSIKETAANIAASARSGLEKTKATLEEKVERATAHDPVQKDMATQKKEERIRQAELEKQEARENNAAARQGGGDGGFTAKGSGGHMASGTHTYSTTGQMGQPTGAQQMSALPGHGTGQPTAQVDDGRVQAYPVGVNTGVGGSKSHNTRVEGNPHAYGTGGTYS	0.36
195	MQLITAKAHQAKAIRVKLKLIKLLKKEKEREKMQGAKNTGQSIKEKAANVGASAQAGLEKTKATVQEKAEKMSTRDPVQKQMATQKKEHKTNQAEMEKQAAYNQNAAHKEAARAEDIAPGYYGTATHSTTGQHGHPTGGHQMSALPGHGTGQPTGQVTEGVIGSHPIGTNTGTTQTSTTTTARNTRAGVNPNDPRYGHGTGGSY	0.25
196	MQAIKEKAANVAASAKSGMEKTKATMQEKVDRAAANNPTEKEMATERKEQKVNQAEFDKRAAQEHNAAARNATKNTGQPHTYSTTGAPGHPTGTHQQSALPGHGTGQPTGQVTEGVVESHHIGTATGTGRTNAAHNTHVGAATNIGGSYT	0.43
197	MQAGKNVAESMKESAANVAASAKSGMEKTKATVQEKVEKMKAHDPTEKEMAAEKKEQRKAEAELNKREAREHNAAVREASKTGVNAGGHTGYSTTGVETATYSTTGIEGQPTGAHQMSALPGYGTGQPAGQVTEGTVGSHPIGTGTGTGRTTAHNTRVEGTGTPGYGTGGSYS	0.54
198	MQAIKEKAANVAASAKSGMEKTKATMQEKVDRATANNPTEKEMATERKEQRVNQAEFDKRAAQEHNAAARNATKNTGQPHTYPTTGAPGHPTGTHQQSALPGHGTGQVTEGVVESHPIGTAAGTGRTSAAHNTHVGAATNIGGSYTQD	0.42
199	MQTAKNAAASVKETAANVAASAKSGMEKTKATLQEKGERMTAHDPTQKEMATEKKEARKDQAEYEKQVERDQNAVQRQAVEATGTHSYSTTGATGHPMGSHQMSALPGHGTGQPAGDVVEGVVGSHPIGRNTGTGQSVAGNNPRTGGGAGGYGTGGAYR	0.77
200	MQAIKEKAANVAASAKSGMEKTKATMQEKVDRATANNPTEKEMATERKEQRVNQAEFDKRAAQEHNAAARNATKNTGQPHTYSTTGAPGHPTGTHQQSALPGQPTGQVTEGVVESHPIGTAAGTGRTNAAHNTHVGAATNIGGSYT	0.52
